MATH-181,General Education – Mathematical Perspective A: Project-Based CalculusI
MATH-182,General Education – Mathematical Perspective B: Project-Based CalculusII
MATH-190,Discrete Mathematics for Computing
NSSA-241,Introduction to Routing and Switching
YOPS-10,RIT 365: RIT Connections
CSEC-140,Introduction to Cybersecurity
CSEC-123,Software Development and Problem SolvingI
CSEC-124,Software Development and Problem SolvingII
CSEC-099,Cooperative Education Seminar
CSEC-201,Programming for Information Security
CSEC-202,Reverse Engineering Fundamentals
CSEC-499,Cooperative Education in CSEC (summer)
MATH-241,Linear Algebra
MATH-252,Probability and StatisticsII
MATH-251,Probability and Statistics I
NSSA-221,Systems Administration I
NSSA-245,Network Services
CSCI-462,Introduction to Cryptography
CSEC-380,Principles of Web Application Security
CSEC-472,Authentication and Security Models
ISTE-230,Introduction to Database and Data Modeling
PUBL-363,Cyber Security Policy and Law
CSEC-490,Capstone in Computing Security
PHIL-102,Introduction to Moral Issues
PHIL-202,Foundations of Moral Philosophy
PHIL-306,Professional Ethics
CSEC-99,Cooperative Education Seminar
CSEC-742,Computer System Security
CSEC-790,MS Thesis
PUBL-701,Graduate Policy Analysis
PUBL-702,Graduate Decision Analysis
PUBL-700,Readings in Public Policy
PUBL-703,Evaluation and Research Design
PUBL-790,Public Policy Thesis
STSO-710,Graduate Science and Technology Policy Seminar
